{
    "1": [
        45.44,
        0.16000000000000014
    ],
    "2": [
        45.44,
        0.16000000000000014
    ],
    "3": [
        45.44,
        0.16000000000000014
    ],
    "4": [
        45.44,
        0.16000000000000014
    ],
    "5": [
        45.44,
        0.16000000000000014
    ],
    "6": [
        45.44,
        0.16000000000000014
    ],
    "7": [
        45.44,
        0.16000000000000014
    ],
    "8": [
        45.44,
        0.16000000000000014
    ],
    "9": [
        45.44,
        0.16000000000000014
    ],
    "10": [
        45.44,
        0.16000000000000014
    ],
    "11": [
        45.44,
        0.16000000000000014
    ],
    "12": [
        45.44,
        0.16000000000000014
    ],
    "13": [
        45.44,
        0.16000000000000014
    ],
    "14": [
        45.44,
        0.16000000000000014
    ],
    "15": [
        45.44,
        0.16000000000000014
    ],
    "16": [
        45.44,
        0.16000000000000014
    ],
    "17": [
        45.44,
        0.16000000000000014
    ],
    "18": [
        45.44,
        0.16000000000000014
    ],
    "19": [
        45.44,
        0.16000000000000014
    ],
    "20": [
        45.44,
        0.16000000000000014
    ],
    "21": [
        45.44,
        0.16000000000000014
    ],
    "22": [
        45.44,
        0.16000000000000014
    ],
    "23": [
        45.44,
        0.16000000000000014
    ],
    "24": [
        45.44,
        0.16000000000000014
    ],
    "25": [
        45.44,
        0.16000000000000014
    ],
    "26": [
        45.44,
        0.16000000000000014
    ],
    "27": [
        45.44,
        0.16000000000000014
    ],
    "28": [
        45.44,
        0.16000000000000014
    ],
    "29": [
        45.44,
        0.16000000000000014
    ],
    "30": [
        45.44,
        0.16000000000000014
    ],
    "31": [
        45.44,
        0.16000000000000014
    ],
    "32": [
        45.44,
        0.16000000000000014
    ],
    "33": [
        45.44,
        0.16000000000000014
    ],
    "34": [
        45.44,
        0.16000000000000014
    ],
    "35": [
        45.44,
        0.16000000000000014
    ],
    "36": [
        45.769999999999996,
        0.16000000000000014
    ],
    "37": [
        45.769999999999996,
        0.16000000000000014
    ],
    "38": [
        45.95,
        6.685000000000002
    ],
    "39": [
        52.735,
        6.685000000000002
    ],
    "40": [
        45.89,
        0.22000000000000242
    ],
    "41": [
        45.230000000000004,
        0.22000000000000242
    ],
    "42": [
        66.42,
        3.214983670254018
    ],
    "43": [
        49.339999999999996,
        14.067812196642377
    ],
    "44": [
        40.32783333333334,
        10.6716988793829
    ],
    "45": [
        48.30040540540541,
        12.1903935860001
    ],
    "46": [
        55.4248275862069,
        14.269411949483642
    ],
    "47": [
        56.02508771929825,
        13.90211729713077
    ],
    "48": [
        58.19145454545455,
        12.658785355324431
    ],
    "49": [
        55.64533753375338,
        11.627892040731778
    ],
    "50": [
        49.94427811044577,
        9.948203112664363
    ],
    "51": [
        44.6445298281092,
        8.134509151563831
    ],
    "52": [
        40.61289577187807,
        7.79225235581774
    ],
    "53": [
        35.91665601703941,
        6.186944153227678
    ],
    "54": [
        32.31592013888889,
        5.338750327194764
    ],
    "55": [
        29.339033251231523,
        4.843499629296247
    ],
    "56": [
        27.13432633716994,
        4.669989891727007
    ],
    "57": [
        24.946502571638504,
        4.439993376639237
    ],
    "58": [
        23.256052401746725,
        4.08899209849243
    ],
    "59": [
        21.542109375,
        3.7479146602527
    ],
    "60": [
        20.192624277456652,
        3.3373931786313054
    ],
    "61": [
        18.78909574468085,
        3.4513350379272723
    ],
    "62": [
        17.87807443365696,
        3.0144272316499374
    ],
    "63": [
        16.704594594594596,
        2.4141994567322977
    ],
    "64": [
        15.79812734082397,
        2.2123867868539033
    ],
    "65": [
        14.962478991596637,
        1.8192789196200159
    ],
    "66": [
        14.174875846501129,
        1.5543177088004398
    ],
    "67": [
        13.76310606060606,
        1.8781313781521336
    ],
    "68": [
        12.88967261904762,
        1.3748100128356429
    ],
    "69": [
        12.411937716262976,
        1.209750631856188
    ],
    "70": [
        11.953138686131387,
        1.1247791360323804
    ],
    "71": [
        11.475843137254902,
        1.1091413278739553
    ],
    "72": [
        11.055527426160337,
        1.3747111074675438
    ],
    "73": [
        10.717522123893804,
        1.0603443512915243
    ],
    "74": [
        10.28109947643979,
        1.0091063619808875
    ],
    "75": [
        9.911049723756907,
        0.8445257603877381
    ],
    "76": [
        9.595254237288136,
        0.7842172446304855
    ],
    "77": [
        9.362670807453418,
        0.8637134601948196
    ],
    "78": [
        9.029738562091504,
        0.992613206340644
    ],
    "79": [
        8.766518518518518,
        0.8219095368068808
    ],
    "80": [
        8.45436974789916,
        0.5716563559840049
    ],
    "81": [
        8.156756756756758,
        0.6744582906879933
    ],
    "82": [
        7.804604316546763,
        0.6170401222767876
    ],
    "83": [
        7.696428571428571,
        0.6744810930618881
    ],
    "84": [
        7.712469135802468,
        0.6206041080463007
    ],
    "85": [
        7.3636708860759486,
        0.5128455666458752
    ],
    "86": [
        7.258285714285714,
        0.5469420743123181
    ],
    "87": [
        7.021935483870969,
        0.5075521225726395
    ],
    "88": [
        6.926415094339623,
        0.5803840444201097
    ],
    "89": [
        6.750307692307693,
        0.48494557737724714
    ],
    "90": [
        6.692244897959184,
        0.5177000364884009
    ],
    "91": [
        6.394791666666666,
        0.47459188425132404
    ],
    "92": [
        6.3617948717948725,
        0.5378536250923512
    ],
    "93": [
        6.302619047619047,
        0.516176693279353
    ],
    "94": [
        6.1242857142857146,
        0.48793609484548406
    ],
    "95": [
        5.875,
        0.4656194482495714
    ],
    "96": [
        5.78,
        0.3972981667882868
    ]
}